Source,Chr,Position,Target,Chr,Position,conditioning_marker,Chr,Position,Effect,SE,|Effect|/SE,P_empirical,p_adjusted
Herc1_B,9,66.429612,Insc_B,7,114.797037,NA,0,NA,-1.07544786636435,0.150523804687891,7.1447029165538,0,0
Dync2h1_B,9,7.056474,Insc_B,7,114.797037,NA,0,NA,-1.1360643266001,0.170127803261013,6.67771113729794,0,0
Zbed6_B,1,133.640629,Nup85_B,11,115.57421,NA,0,NA,-1.09649267312223,0.171840822584307,6.38086257172261,0,0
Bmp3_B,5,98.8677,ET2,0,1,Anp32e_B,3,95.938318,0.268379580184452,0.0427797935714065,6.27351274466723,0,0
Herc1_B,9,66.429612,Nup85_B,11,115.57421,NA,0,NA,-1.051829011918,0.171338901743739,6.13888031972538,0,0
Mettl16_B,11,74.799678,Insc_B,7,114.797037,NA,0,NA,-1.37818456214286,0.224709037191417,6.13319597363973,0,0
Ralgapb_B,2,158.45455,Insc_B,7,114.797037,NA,0,NA,-1.10784897757741,0.185275314831327,5.97947426825849,0,0
Anp32e_B,3,95.938318,Bmp3_B,5,98.8677,NA,0,NA,-1.43223556903179,0.240222076114524,5.96213134195453,0,0
Anp32e_B,3,95.938318,Insc_B,7,114.797037,NA,0,NA,-1.23828955601898,0.211622680215042,5.85140285890285,0,0
Insc_B,7,114.797037,ET2,0,2,Mettl16_B,11,74.799678,0.251624010811057,0.0434697456091235,5.7884859293551,0,0
Pi4k2a_B,19,42.106326,Gck_B,11,5.92545,NA,0,NA,-1.20455333586102,0.209002280547674,5.76335020223025,0,0
Dync2h1_B,9,7.056474,Zfp467_B,6,48.436761,NA,0,NA,-1.10243856407921,0.195940374931918,5.62639815536878,0,0
Ticam1_B,17,56.273052,Tiparp_B,3,65.541778,NA,0,NA,-0.885349584703175,0.157878172595076,5.60780233360003,0,0
Nsd1_B,13,55.264054,Insc_B,7,114.797037,NA,0,NA,-1.07619195673163,0.192864229239445,5.58004955597813,0,0
Rhpn2_B,7,35.36323,Gck_B,11,5.92545,NA,0,NA,-1.0577464174046,0.189664756612541,5.57692655344203,0,0
Nr2c2_B,6,92.132224,Insc_B,7,114.797037,NA,0,NA,-1.028218130316,0.185217206934187,5.55141796669764,0,0
Cep350_B,1,155.908928,Nup85_B,11,115.57421,NA,0,NA,-1.05620116873969,0.191575992473086,5.51322300411975,0,0
Herc1_B,9,66.429612,Slit2_B,5,48.144718,NA,0,NA,-0.996013036980585,0.183053156319542,5.44111370165025,0,0
Tpi1_B,6,124.812441,ET2,0,3,Anp32e_B,3,95.938318,-0.340768280173169,0.06271501985702,5.43359917528632,0,0
E230016K23Rik_B,11,83.602874,Vav3_B,3,109.513176,NA,0,NA,-1.11129934151533,0.204687833701352,5.42923984010091,0,0
sexM,0,1,ET3,0,4,Serpini1_B,3,75.600521,0.0721424722383301,0.0133916045923113,5.38714175295694,0,0
Gnpat_B,8,124.876545,ET2,0,5,Ell2_B,13,75.73992,0.217565221432728,0.0404315708102964,5.38107268830926,0,0
Ralgapb_B,2,158.45455,Nup85_B,11,115.57421,NA,0,NA,-1.05866063431964,0.197018630362894,5.37340368456356,0,0
Zfp532_B,18,65.634836,ET2,0,6,Mettl16_B,11,74.799678,0.271501350613484,0.0505536215204418,5.37056184003949,0,0
Dync2h1_B,9,7.056474,Slit2_B,5,48.144718,NA,0,NA,-1.10670545204527,0.206542248435448,5.35825217566156,0,0
Gm609_B,16,45.452368,Slc16a13_B,11,70.218892,NA,0,NA,-1.02060662632559,0.190769426838682,5.34994859102152,0,0
Pgd_B,4,149.158381,ET2,0,7,Slit2_B,5,48.144718,0.218918682128647,0.0411735644424018,5.31697182630119,0,0
Anp32e_B,3,95.938318,ET2,0,8,Bmp3_B,5,98.8677,0.252418670345508,0.0484548934966442,5.20935352717243,0,0
5530401A14Rik_B,11,81.877628,ET3,0,9,Nup85_B,11,115.57421,-0.188320930553415,0.0365362264238268,5.15436182075451,0,0
Taar1_B,10,23.920912,ET3,0,10,Gnpat_B,8,124.876545,-0.1703199544745,0.0330579545675759,5.15216251889808,0,0
Nr2c2_B,6,92.132224,Slit2_B,5,48.144718,NA,0,NA,-1.09316908428549,0.214491204486487,5.096568350682,0,0
Uck2_B,1,167.255608,Mgmt_B,7,137.011399,NA,0,NA,-1.37768599655757,0.270720230275376,5.08896581225641,0,0
Fosb_B,7,19.306383,ET2,0,11,Slit2_B,5,48.144718,-0.200034017628259,0.0393563093695586,5.08264166108476,0,0
Cdpf1_B,15,85.809334,ET3,0,12,Nup85_B,11,115.57421,-0.20143827300722,0.0396935827575611,5.07483222760608,0,0
Fam175a_B,5,100.813078,Slc16a13_B,11,70.218892,NA,0,NA,-1.13382811319588,0.224350395127096,5.05382712855736,0,0
Mettl16_B,11,74.799678,Mgmt_B,7,137.011399,NA,0,NA,-1.67866796322419,0.339824609759707,4.93980693279157,0,0
Tpi1_B,6,124.812441,Cnn3_B,3,121.442373,NA,0,NA,-1.27088460366567,0.258243672481379,4.92126134768049,0,0
Ralgapb_B,2,158.45455,ET2,0,13,Ell2_B,13,75.73992,0.255514567929995,0.0519556554628544,4.91793560592599,0,0
Angpt2_B,8,18.715912,Pgam1_B,19,41.915268,NA,0,NA,-1.04188640536425,0.212361162331819,4.90620033307352,0,0
Gcc1_B,6,28.42224,ET2,0,14,Slit2_B,5,48.144718,-0.20644563242624,0.042142789940975,4.89871773357642,0,0
Slc2a1_B,4,119.12302,ET2,0,15,Slit2_B,5,48.144718,-0.172418750622595,0.035539185091692,4.85151109058214,0,0
Anp32e_B,3,95.938318,Vsig10_B,5,117.337136,NA,0,NA,-1.10920586906897,0.230096877029018,4.82060375347504,0,0
Gck_B,11,5.92545,ET3,0,16,Rhpn2_B,7,35.36323,0.214314032832177,0.0444593825849285,4.82044554763629,4.99500499500094e-05,0.0491198456715299
Pgd_B,4,149.158381,Vps13d_B,4,145.083814,NA,0,NA,-1.04662776751084,0.217139418175167,4.82007263493044,0,0
Gck_B,11,5.92545,ET2,0,17,Tpi1_B,6,124.812441,-0.179749746447605,0.0373015781888047,4.81882416711133,0,0
Hilpda_B,6,29.273967,ET2,0,18,Ell2_B,13,75.73992,-0.176364460987471,0.0366008183118257,4.81859338457708,0,0
Mettl16_B,11,74.799678,ET2,0,19,Insc_B,7,114.797037,0.214970362549136,0.0447129805841198,4.80778422151273,4.99500499500094e-05,0.0491198456715299
Pfkl_B,10,77.998515,ET2,0,20,Slit2_B,5,48.144718,-0.22842960191827,0.0479344541149397,4.76545745927407,4.99500499500094e-05,0.0491198456715299
Ell2_B,13,75.73992,ET3,0,21,Gnpat_B,8,124.876545,-0.161747199963337,0.0340759690334546,4.74666471860387,0.000149850149850139,0.0847902097902163
Ticam1_B,17,56.273052,Maff_B,15,79.353306,NA,0,NA,-0.910565498990208,0.193374710627502,4.70881376388576,0,0
Vsig10_B,5,117.337136,ET2,0,22,Cnn3_B,3,121.442373,0.192158609316392,0.0408459057894667,4.70447663241552,9.99000999001298e-05,0.066254675557021
Mettl16_B,11,74.799678,ET3,0,23,Rnf24_B,2,131.325478,0.211559519224217,0.0451001781901448,4.69087989702104,0.000149850149850139,0.0847902097902163
Slit2_B,5,48.144718,ET2,0,24,Anp32e_B,3,95.938318,0.224997961701248,0.047970019289857,4.69038714247135,9.99000999001298e-05,0.066254675557021
Tiparp_B,3,65.541778,ET2,0,25,Slit2_B,5,48.144718,-0.181032052381353,0.0386225331514061,4.68721333403172,9.99000999001298e-05,0.066254675557021
Os9_B,10,127.10771,ET3,0,26,Nup85_B,11,115.57421,-0.208431765707031,0.0445508871749811,4.67850987766821,0.000199800199800149,0.0847902097902163
Herc1_B,9,66.429612,ET2,0,27,Cped1_B,6,22.12116,0.237829662320495,0.0511013669246498,4.65407633167975,9.99000999001298e-05,0.066254675557021
Vav3_B,3,109.513176,ET3,0,28,Vps13d_B,4,145.083814,-0.230679788506502,0.0496910993502119,4.64227581041671,0.000199800199800149,0.0847902097902163
Mis18bp1_B,12,65.152669,C030037D09Rik_B,11,88.723769,NA,0,NA,-0.934457284336403,0.201494553396228,4.63763048968795,0,0
Dync2h1_B,9,7.056474,Nup85_B,11,115.57421,NA,0,NA,-1.13363642309636,0.245899505890784,4.61016145188947,0,0
Slc39a10_B,1,46.830795,ET3,0,29,Nup85_B,11,115.57421,-0.174151863130295,0.0379614497562114,4.58759779325339,0.000249750249750269,0.0847902097902163
Haus4_B,14,54.548073,ET3,0,30,Gm609_B,16,45.452368,-0.211290489012939,0.0460652658677929,4.58676369348094,0.000249750249750269,0.0847902097902163
Ticam1_B,17,56.273052,ET2,0,31,Gck_B,11,5.92545,-0.178191248576178,0.0389261287069334,4.57767711548565,9.99000999001298e-05,0.066254675557021
Kcnj3_B,2,55.517058,Ttc39b_B,4,83.272278,NA,0,NA,-0.91399397770216,0.199704025324533,4.57674288846635,0,0
Cep350_B,1,155.908928,ET2,0,32,Lrrc34_B,3,30.636068,0.240762044144776,0.0526372481570677,4.57398615190427,9.99000999001298e-05,0.066254675557021
Os9_B,10,127.10771,C030037D09Rik_B,11,88.723769,NA,0,NA,-1.12340294761055,0.245756526260456,4.57120290844261,0,0
E230016K23Rik_B,11,83.602874,ET3,0,33,Mgmt_B,7,137.011399,-0.149336440066757,0.0326892415900388,4.56836661858388,0.000249750249750269,0.0847902097902163
Gnpat_B,8,124.876545,Insc_B,7,114.797037,NA,0,NA,-1.4720559979565,0.322397963158091,4.56595936133338,0,0
Atf3_B,1,191.176818,ET2,0,34,Slit2_B,5,48.144718,-0.163295089462037,0.0357794534853461,4.56393470428263,9.99000999001298e-05,0.066254675557021
Pgd_B,4,149.158381,Vsig10_B,5,117.337136,NA,0,NA,-1.00994058227735,0.22213782848993,4.54645923723493,0,0
Zfp467_B,6,48.436761,ET2,0,35,Gck_B,11,5.92545,0.185670037698924,0.0409793913089643,4.53081492350787,0.000199800199800149,0.0847902097902163
Kcnj3_B,2,55.517058,ET2,0,36,Vps33a_B,5,123.55089,0.202872317979686,0.0448536491856444,4.52298356238574,0.000199800199800149,0.0847902097902163
Kctd20_B,17,28.96075,ET2,0,37,Slit2_B,5,48.144718,-0.174477299874937,0.0385771722776155,4.52281205629418,0.000199800199800149,0.0847902097902163
Prdm11_B,2,93.005659,ET2,0,38,Cped1_B,6,22.12116,0.158900450101978,0.0351464126010004,4.52110011641573,0.000199800199800149,0.0847902097902163
Rhpn2_B,7,35.36323,ET2,0,39,Anp32e_B,3,95.938318,-0.24196400868877,0.0537297074812134,4.50335615121993,0.000199800199800149,0.0847902097902163
Dync2h1_B,9,7.056474,ET2,0,40,Cped1_B,6,22.12116,0.237560053821649,0.0527894630550923,4.50014150690879,0.000199800199800149,0.0847902097902163
Pi4k2a_B,19,42.106326,ET2,0,41,Cryl1_B,14,57.336758,-0.170612683160188,0.0381472984237727,4.47247092742655,0.000249750249750269,0.0847902097902163
Lbh_B,17,72.930124,ET2,0,42,Slit2_B,5,48.144718,-0.179174433541804,0.04013343113699,4.46446836130747,0.000249750249750269,0.0847902097902163
Cul4a_B,8,13.12678,ET2,0,43,Slit2_B,5,48.144718,0.184931494101527,0.0414638430485908,4.46006642184153,0.000249750249750269,0.0847902097902163
E230016K23Rik_B,11,83.602874,Bdnf_B,2,109.700854,NA,0,NA,-1.1687954124596,0.262153750421558,4.45843483291813,0.000139703827884863,0.0368895718853752
Fam129b_B,2,32.900684,ET2,0,44,Prdm11_B,2,93.005659,-0.16527454393007,0.0370924473178415,4.45574654359818,0.000249750249750269,0.0847902097902163
Rrm2_B,12,24.711194,ET3,0,45,Nup85_B,11,115.57421,-0.179677004802268,0.0404435195372284,4.4426649030106,0.000249750249750269,0.0847902097902163
Gm609_B,16,45.452368,Nup85_B,11,115.57421,NA,0,NA,-1.01440704992543,0.228924277666802,4.43119034933417,0.00020955574182735,0.0423837634427827
Vps13d_B,4,145.083814,Nup85_B,11,115.57421,NA,0,NA,-1.01581486293697,0.229952621658883,4.41749633297877,0.00020955574182735,0.0423837634427827
Angpt2_B,8,18.715912,ET2,0,46,Anp32e_B,3,95.938318,-0.179951291370826,0.0407428549831312,4.41675703495328,0.000249750249750269,0.0847902097902163
Mettl16_B,11,74.799678,Zfp532_B,18,65.634836,NA,0,NA,-1.52506574242669,0.346273561511739,4.40422230264608,0.00020955574182735,0.0423837634427827
Vangl2_B,1,172.014702,ET2,0,47,Cryl1_B,14,57.336758,0.163101824413047,0.0370792607450281,4.39873452533481,0.000349650349650399,0.102562237762231
E230016K23Rik_B,11,83.602874,Mis18bp1_B,12,65.152669,NA,0,NA,-1.27305153926694,0.290047092503992,4.38912015382267,0.00020955574182735,0.0423837634427827
Shisa2_B,14,59.62847,ET2,0,48,Mettl16_B,11,74.799678,0.200860026535788,0.0457670155995655,4.38875080457933,0.000399600399600408,0.102562237762231
Zscan29_B,2,121.164699,ET3,0,49,Gck_B,11,5.92545,-0.190076186588206,0.0433783836973301,4.3818180943405,0.000299700299700278,0.0982396913431325
Anp32e_B,3,95.938318,Gck_B,11,5.92545,NA,0,NA,-1.30466163289008,0.298110862159511,4.3764310479636,0.00020955574182735,0.0423837634427827
Serpini1_B,3,75.600521,ET3,0,50,Gnpat_B,8,124.876545,-0.142232163096577,0.0325425639842985,4.37065017879976,0.000349650349650399,0.102562237762231
5530401A14Rik_B,11,81.877628,Mis18bp1_B,12,65.152669,NA,0,NA,-1.41846552245805,0.324686455449637,4.36872403714442,0.00020955574182735,0.0423837634427827
Vps13d_B,4,145.083814,ET2,0,51,Insc_B,7,114.797037,0.192783409855905,0.0442325021636013,4.35841068051867,0.000399600399600408,0.102562237762231
Thsd7a_B,6,12.53051,ET2,0,52,Mettl16_B,11,74.799678,0.187781930812013,0.0431146343733193,4.35541048976675,0.000449550449550418,0.102562237762231
Sowahb_B,5,93.043072,Pgam1_B,19,41.915268,NA,0,NA,-1.10432652867222,0.254194263523313,4.34441955284698,0.00020955574182735,0.0423837634427827
Inhbb_B,1,119.418856,ET2,0,53,Zscan29_B,2,121.164699,-0.191439082659684,0.0441169219733212,4.3393571921326,0.000449550449550418,0.102562237762231
Gm609_B,16,45.452368,ET2,0,54,Anp32e_B,3,95.938318,0.209820859584725,0.0483970346727393,4.33540734475848,0.000449550449550418,0.102562237762231
Riok1_B,13,38.049211,ET2,0,55,Cryl1_B,14,57.336758,-0.170316850003757,0.0392943121802827,4.33438939514558,0.000449550449550418,0.102562237762231
Stx17_B,4,48.155711,ET2,0,56,Anp32e_B,3,95.938318,0.208912000212746,0.0482895033300877,4.32624040021094,0.000449550449550418,0.102562237762231
Bdnf_B,2,109.700854,ET3,0,57,Cul4a_B,8,13.12678,-0.187927944622499,0.0435856719203608,4.31169089158195,0.000499500499500538,0.104740847387914
Vps33a_B,5,123.55089,ET2,0,58,Kcnj3_B,2,55.517058,0.205132087233178,0.0475877107073799,4.31061053755137,0.000449550449550418,0.102562237762231
Itpkc_B,7,27.2179,ET2,0,59,Cryl1_B,14,57.336758,-0.169456603407235,0.0393217127559232,4.30949192012774,0.000449550449550418,0.102562237762231
Elf3_B,1,135.256023,ET2,0,60,Cped1_B,6,22.12116,-0.153027144194744,0.0355827886148274,4.30059447704381,0.000449550449550418,0.102562237762231
Cped1_B,6,22.12116,Serpini1_B,3,75.600521,NA,0,NA,-1.12115733677273,0.260916413383861,4.29699811611039,0.00020955574182735,0.0423837634427827
Nr2c2_B,6,92.132224,ET2,0,61,Cped1_B,6,22.12116,0.259021646246488,0.0603614626742167,4.29117577293449,0.000449550449550418,0.102562237762231
Cryl1_B,14,57.336758,ET2,0,62,Mettl16_B,11,74.799678,-0.207526158087353,0.0483825855458313,4.28927383160972,0.000449550449550418,0.102562237762231
Fam175a_B,5,100.813078,ET2,0,63,Prdm11_B,2,93.005659,0.16655087361529,0.0388351217680434,4.28866618753185,0.000449550449550418,0.102562237762231
Cryl1_B,14,57.336758,ET3,0,64,Gck_B,11,5.92545,0.180415166261442,0.0421188186541726,4.28348116177681,0.000499500499500538,0.104740847387914
Zfp532_B,18,65.634836,Ttc39b_B,4,83.272278,NA,0,NA,-1.00809944720545,0.235634458805103,4.27823439881204,0.00020955574182735,0.0423837634427827
Cnn3_B,3,121.442373,ET2,0,65,Fam13a_B,6,58.97832,-0.159461118965456,0.0374964227115121,4.25270218954776,0.000549450549450547,0.110346695557963
Nr2c2_B,6,92.132224,Fam175a_B,5,100.813078,NA,0,NA,-1.08243850902113,0.254823458128606,4.24779773797292,0.00020955574182735,0.0423837634427827
Trim37_B,11,87.17388,ET3,0,66,Rhpn2_B,7,35.36323,0.17619813700983,0.0415238068165829,4.24330403491483,0.000499500499500538,0.104740847387914
Nsd1_B,13,55.264054,ET2,0,67,Slit2_B,5,48.144718,0.202737048600372,0.0478339518242176,4.23835039482833,0.000599400599400557,0.112458594037533
E230016K23Rik_B,11,83.602874,Os9_B,10,127.10771,NA,0,NA,-0.992162802892421,0.234207181998671,4.23626122147719,0.00020955574182735,0.0423837634427827
Dync2h1_B,9,7.056474,Bmp3_B,5,98.8677,NA,0,NA,-1.19694421433079,0.283757727790358,4.21819072083598,0.000279407655769726,0.0510778687643656
Pgam1_B,19,41.915268,ET2,0,68,Gck_B,11,5.92545,-0.185910748499465,0.0440884232958494,4.21677017687696,0.000649350649350677,0.115738636363641
Dyrk3_B,1,131.133338,ET2,0,69,Slit2_B,5,48.144718,-0.16963463608708,0.0402917881680168,4.2101540735721,0.000649350649350677,0.115738636363641
Ralgapb_B,2,158.45455,Vav3_B,3,109.513176,NA,0,NA,-1.07258174527051,0.255051737561318,4.20534968914943,0.000279407655769726,0.0510778687643656
Kcnj3_B,2,55.517058,Slit2_B,5,48.144718,NA,0,NA,-1.12506149487331,0.267605447563871,4.20418009093326,0.000279407655769726,0.0510778687643656
Taar1_B,10,23.920912,ET2,0,70,Mettl16_B,11,74.799678,0.181520755654407,0.0431817380022144,4.20364635728878,0.000699300699300687,0.116760288891428
Mettl16_B,11,74.799678,Gck_B,11,5.92545,NA,0,NA,-1.14075131705879,0.273462709973016,4.17150593282482,0.000279407655769726,0.0510778687643656
Ppp2r2d_B,7,138.864568,ET2,0,71,Anp32e_B,3,95.938318,-0.21454064324769,0.0514624213895964,4.16887968841399,0.000749250749250696,0.116760288891428
Elp4_B,2,105.800942,ET2,0,72,Gm609_B,16,45.452368,0.205960004736791,0.0494728453861101,4.16309195740369,0.000749250749250696,0.116760288891428
Lrrc34_B,3,30.636068,ET2,0,73,Cryl1_B,14,57.336758,-0.163962809564916,0.0394013918049106,4.16134562902626,0.000749250749250696,0.116760288891428
E230016K23Rik_B,11,83.602874,Ell2_B,13,75.73992,NA,0,NA,-1.01310734332215,0.245152182349581,4.13256506065887,0.000279407655769726,0.0510778687643656
Tnfrsf10b_B,14,69.775938,ET2,0,74,Thsd7a_B,6,12.53051,-0.139104878827479,0.0336610824687576,4.13251353270022,0.000899100899100946,0.120946035096985
Slc25a25_B,2,32.432966,ET2,0,75,Gck_B,11,5.92545,-0.169389949755555,0.0411646812422883,4.11493408046948,0.000899100899100946,0.120946035096985
Rnf24_B,2,131.325478,ET2,0,76,Gck_B,11,5.92545,-0.162047318454949,0.0393809222499446,4.11486855047375,0.000899100899100946,0.120946035096985
E230016K23Rik_B,11,83.602874,Pole_B,5,110.31189,NA,0,NA,-1.09651759432647,0.266500754993164,4.11450089270703,0.000349259569712213,0.0582466924506016
E230016K23Rik_B,11,83.602874,Cdpf1_B,15,85.809334,NA,0,NA,-1.18117743641507,0.287279419283488,4.11159782820878,0.000349259569712213,0.0582466924506016
Pgam1_B,19,41.915268,Angpt2_B,8,18.715912,NA,0,NA,-0.954193871413404,0.232790106893183,4.09894511475628,0.000349259569712213,0.0582466924506016
Anp32e_B,3,95.938318,ET3,0,77,Rnf24_B,2,131.325478,0.179987208184669,0.0439927212017646,4.09129517947277,0.000899100899100946,0.120946035096985
Dync2h1_B,9,7.056474,Pgd_B,4,149.158381,NA,0,NA,-0.994933546086133,0.243388407810778,4.08784278197688,0.000349259569712213,0.0582466924506016
Thsd7a_B,6,12.53051,Slc16a13_B,11,70.218892,NA,0,NA,-1.14879477244982,0.281499009514274,4.08099046043559,0.000349259569712213,0.0582466924506016
Sorcs2_B,5,36.20766,ET2,0,78,Mgmt_B,7,137.011399,0.155979151288642,0.0383776145663839,4.06432638013069,0.00119880119880122,0.129970394568933
Anp32e_B,3,95.938318,Slit2_B,5,48.144718,NA,0,NA,-1.03101550391634,0.253828475655625,4.06185910092744,0.000419111483654699,0.065312684649534
Zbed6_B,1,133.640629,ET2,0,79,Lrrc34_B,3,30.636068,0.225572263799393,0.0557922621554867,4.04307434552033,0.00119880119880122,0.129970394568933
Sorcs2_B,5,36.20766,Vangl2_B,1,172.014702,NA,0,NA,-1.04091206674218,0.257776575794993,4.03803977740013,0.000419111483654699,0.065312684649534
Cdpf1_B,15,85.809334,ET2,0,80,Anp32e_B,3,95.938318,0.191775617924493,0.0475910535653127,4.02965691148874,0.00119880119880122,0.129970394568933
Thsd7a_B,6,12.53051,Nup85_B,11,115.57421,NA,0,NA,-1.26456551670681,0.315175118231286,4.01226316278822,0.000419111483654699,0.065312684649534
Fam13a_B,6,58.97832,ET2,0,81,Pgd_B,4,149.158381,0.169078277584657,0.042210941195057,4.00555573502484,0.00124875124875123,0.129970394568933
Kdm3a_B,6,71.61094,ET2,0,82,Slit2_B,5,48.144718,-0.137356800691772,0.0343139981165215,4.00293781637872,0.00124875124875123,0.129970394568933
Sowahb_B,5,93.043072,ET2,0,83,Cped1_B,6,22.12116,-0.186445283802765,0.0466112418555833,4.00000678764219,0.00124875124875123,0.129970394568933
Elp4_B,2,105.800942,Slc16a13_B,11,70.218892,NA,0,NA,-1.23629864520023,0.309762563546058,3.99111703831314,0.000419111483654699,0.065312684649534
sexM,0,2,ET2,0,84,Tpi1_B,6,124.812441,0.0610597052977529,0.0153314195529908,3.98265177511508,0.00124875124875123,0.129970394568933
Dnajb1_B,8,83.610038,ET2,0,85,Slit2_B,5,48.144718,-0.164099992500158,0.0413233861038811,3.97111679298579,0.00139860139860137,0.138298594609274
Mis18bp1_B,12,65.152669,ET2,0,86,Gck_B,11,5.92545,0.136564587950308,0.0345447997190731,3.95326037669592,0.0014985014985015,0.138298594609274
Syt16_B,12,74.132838,ET2,0,87,Sephs1_B,2,4.89606,0.144811380250906,0.0369349510145779,3.92071401945951,0.00154845154845151,0.142447552447549
Os9_B,10,127.10771,Mgmt_B,7,137.011399,NA,0,NA,-2.06709207313681,0.529921487450145,3.90075156809202,0.000488963397597075,0.0737791437707587
Ticam1_B,17,56.273052,Riok1_B,13,38.049211,NA,0,NA,-1.01175781668018,0.259434154731282,3.89986360018072,0.000488963397597075,0.0737791437707587
Zfp532_B,18,65.634836,Gm609_B,16,45.452368,NA,0,NA,-0.95335071809852,0.244934405763102,3.89226950427124,0.000558815311539562,0.0804863386590163
Tiparp_B,3,65.541778,Ticam1_B,17,56.273052,NA,0,NA,-1.19128921757443,0.306741091258467,3.88369622304898,0.000558815311539562,0.0804863386590163
Pole_B,5,110.31189,ET3,0,88,Rhpn2_B,7,35.36323,-0.170929248986555,0.0440168395462885,3.88326946569629,0.00144855144855149,0.138298594609274
Anp32e_B,3,95.938318,Mgmt_B,7,137.011399,NA,0,NA,-1.74459284825214,0.451145743676039,3.86702716961662,0.000558815311539562,0.0804863386590163
Vps13d_B,4,145.083814,Pgd_B,4,149.158381,NA,0,NA,-0.944727232824832,0.244438592606678,3.86488574799224,0.000628667225481938,0.0866102992091493
Pgd_B,4,149.158381,Slit2_B,5,48.144718,NA,0,NA,-1.29061449273433,0.334855174788019,3.85424682043919,0.000628667225481938,0.0866102992091493
Sowahb_B,5,93.043072,Mgmt_B,7,137.011399,NA,0,NA,-1.62921191227898,0.423964203800283,3.84280535402572,0.000628667225481938,0.0866102992091493
Shisa2_B,14,59.62847,ET3,0,89,C030037D09Rik_B,11,88.723769,-0.179390982407784,0.0467701841526193,3.83558426501807,0.00159840159840163,0.146100053792364
Slc16a13_B,11,70.218892,ET2,0,90,Slit2_B,5,48.144718,0.138734015800048,0.0361834266957094,3.8341867664098,0.00214785214785218,0.164657117076474
C030037D09Rik_B,11,88.723769,ET3,0,91,Shisa2_B,14,59.62847,-0.17495056874416,0.0456472039560961,3.83266779959686,0.00164835164835164,0.148758519961051
Ticam1_B,17,56.273052,Elf3_B,1,135.256023,NA,0,NA,-1.0001614285177,0.261389938673943,3.826319534683,0.000768371053366912,0.0905471309913874
Shisa2_B,14,59.62847,C030037D09Rik_B,11,88.723769,NA,0,NA,-1.24834787208376,0.326408005048927,3.82450139939625,0.000768371053366912,0.0905471309913874
E230016K23Rik_B,11,83.602874,ET2,0,92,Anp32e_B,3,95.938318,0.154676673908741,0.0404489315962299,3.82399899836064,0.00229770229770232,0.171085833226827
Mettl16_B,11,74.799678,Vsig10_B,5,117.337136,NA,0,NA,-1.01103512930206,0.264555449336418,3.82163789042346,0.000768371053366912,0.0905471309913874
E230016K23Rik_B,11,83.602874,Rrm2_B,12,24.711194,NA,0,NA,-1.2455876370392,0.326085479004604,3.81981939472261,0.000768371053366912,0.0905471309913874
Syt16_B,12,74.132838,Prdm11_B,2,93.005659,NA,0,NA,-1.02669662688769,0.268824900294361,3.81920211172204,0.000838222967309288,0.0905471309913874
Thsd7a_B,6,12.53051,Vps13d_B,4,145.083814,NA,0,NA,-1.07957714781191,0.282800925627876,3.81744559504191,0.000838222967309288,0.0905471309913874
Anp32e_B,3,95.938318,Trim37_B,11,87.17388,NA,0,NA,-1.00918105265871,0.264391392869694,3.81699661893338,0.000838222967309288,0.0905471309913874
Mettl16_B,11,74.799678,Trim37_B,11,87.17388,NA,0,NA,-1.12154823448867,0.294054812446826,3.81407882821669,0.000838222967309288,0.0905471309913874
Lbh_B,17,72.930124,ET3,0,93,Stx17_B,4,48.155711,-0.13841497789565,0.0363757909740158,3.80514001728577,0.00189810189810191,0.157354854447879
sexM,0,3,ET4,0,94,Ttc39b_B,4,83.272278,0.0489430179138826,0.0128636625448905,3.80474983256794,0.000949050949050956,0.127065891854625
Cped1_B,6,22.12116,ET3,0,95,sexM,0,1,-0.0724138696929579,0.019066686483085,3.79792628138087,0.00189810189810191,0.157354854447879
Mettl16_B,11,74.799678,Bmp3_B,5,98.8677,NA,0,NA,-1.1184751101089,0.295052355578473,3.79076827878918,0.000838222967309288,0.0905471309913874
Uck2_B,1,167.255608,ET2,0,96,Anp32e_B,3,95.938318,-0.172444305957919,0.045500187482206,3.7899691298054,0.00269730269730273,0.188533525298233
Slc2a1_B,4,119.12302,Angpt2_B,8,18.715912,NA,0,NA,-0.913853373465412,0.241307597300202,3.78708910821618,0.000838222967309288,0.0905471309913874
Stx17_B,4,48.155711,ET3,0,97,Gcnt2_B,13,40.91033,-0.155781356743985,0.0412032465106264,3.7808029691012,0.00194805194805192,0.159605100781575
Lrrc34_B,3,30.636068,Kdm3a_B,6,71.61094,NA,0,NA,-0.930320211547974,0.246630429051028,3.77212258490411,0.000838222967309288,0.0905471309913874
Thsd7a_B,6,12.53051,Elp4_B,2,105.800942,NA,0,NA,-0.866456110267085,0.230104906370595,3.76548298744928,0.000838222967309288,0.0905471309913874
Sephs1_B,2,4.89606,ET2,0,98,Slit2_B,5,48.144718,0.149096588832071,0.0396485017179048,3.76045959801656,0.002947052947053,0.192064115659622
Os9_B,10,127.10771,ET2,0,99,Bmp3_B,5,98.8677,-0.173137159358159,0.0460758812568764,3.75765269453896,0.002947052947053,0.192064115659622
Dync2h1_B,9,7.056474,Fam175a_B,5,100.813078,NA,0,NA,-0.983751055085502,0.261826853086475,3.7572580638266,0.000838222967309288,0.0905471309913874
Herc1_B,9,66.429612,Sephs1_B,2,4.89606,NA,0,NA,-0.993296818829188,0.265047071332732,3.74762420061693,0.000838222967309288,0.0905471309913874
Ticam1_B,17,56.273052,Ppp2r2d_B,7,138.864568,NA,0,NA,-0.856730688704419,0.228609805032512,3.747567557667,0.000838222967309288,0.0905471309913874
Maff_B,15,79.353306,ET2,0,100,Slit2_B,5,48.144718,-0.145308274207133,0.0388062315645352,3.74445722629583,0.00299700299700301,0.192064115659622
E230016K23Rik_B,11,83.602874,Serpini1_B,3,75.600521,NA,0,NA,-0.970401085868681,0.25989885732212,3.73376434151059,0.000838222967309288,0.0905471309913874
Fam175a_B,5,100.813078,Slit2_B,5,48.144718,NA,0,NA,-1.06948326077642,0.286686223284712,3.73050106322794,0.000838222967309288,0.0905471309913874
Nsd1_B,13,55.264054,Slit2_B,5,48.144718,NA,0,NA,-1.19527270261735,0.320574638750034,3.72853169944412,0.000838222967309288,0.0905471309913874
Mettl16_B,11,74.799678,Taar1_B,10,23.920912,NA,0,NA,-1.27801077550323,0.344183503987372,3.71316684471351,0.000838222967309288,0.0905471309913874
Thsd7a_B,6,12.53051,ET3,0,101,Sorcs2_B,5,36.20766,0.158336886846576,0.0427374572658101,3.70487382676473,0.0025974025974026,0.185181818181818
Bdnf_B,2,109.700854,ET2,0,102,Mettl16_B,11,74.799678,0.16704855908025,0.0456352555668842,3.66051547219713,0.00349650349650354,0.198642458458973
Serpini1_B,3,75.600521,ET2,0,103,Haus4_B,14,54.548073,-0.159869147058892,0.0436788854880862,3.66010133437351,0.00349650349650354,0.198642458458973
Anp32e_B,3,95.938318,Stx17_B,4,48.155711,NA,0,NA,-1.29643121395018,0.354472368729217,3.65735478507926,0.000908074881251775,0.092961721151156
Gm609_B,16,45.452368,Sephs1_B,2,4.89606,NA,0,NA,-1.02110248046812,0.279273117731039,3.65628632202086,0.000908074881251775,0.092961721151156
Zscan29_B,2,121.164699,ET2,0,104,Mettl16_B,11,74.799678,0.178898376380698,0.0489600329447615,3.65396764709161,0.00359640359640356,0.198642458458973
Jun_B,4,95.050628,ET2,0,105,Slit2_B,5,48.144718,-0.143057843698009,0.0392349003505158,3.64618853163796,0.00364635364635368,0.198642458458973
Nsd1_B,13,55.264054,Slc16a13_B,11,70.218892,NA,0,NA,-1.086661571276,0.29835147174194,3.64221957723712,0.000977926795194151,0.092961721151156
Rrm2_B,12,24.711194,C030037D09Rik_B,11,88.723769,NA,0,NA,-0.937747589597692,0.257584939876681,3.64053733128435,0.000977926795194151,0.092961721151156
Sowahb_B,5,93.043072,Kctd20_B,17,28.96075,NA,0,NA,-1.07950626885659,0.297167544151957,3.63265198404232,0.000977926795194151,0.092961721151156
Dnajb1_B,8,83.610038,ET4,0,106,Haus4_B,14,54.548073,-0.17397376456768,0.0479567120629211,3.62772502709151,0.00134865134865136,0.138298594609274
Kctd12b_B,20,153.690772,ET2,0,107,Gck_B,11,5.92545,0.156333303483113,0.0431230530029183,3.62528375420296,0.00384615384615383,0.199527600059516
Zfp532_B,18,65.634836,Sephs1_B,2,4.89606,NA,0,NA,-1.04910358547082,0.28988242469909,3.61906585595809,0.000977926795194151,0.092961721151156
Mettl16_B,11,74.799678,Cryl1_B,14,57.336758,NA,0,NA,-1.08694936708666,0.301352970170225,3.60689780649142,0.000977926795194151,0.092961721151156
Dyrk3_B,1,131.133338,Tpi1_B,6,124.812441,NA,0,NA,-0.901693672593805,0.250672068178547,3.59710469198169,0.000977926795194151,0.092961721151156
Mis18bp1_B,12,65.152669,E230016K23Rik_B,11,83.602874,NA,0,NA,-0.745834045562615,0.207959808089071,3.58643361145615,0.000977926795194151,0.092961721151156
Cep350_B,1,155.908928,Mgmt_B,7,137.011399,NA,0,NA,-1.64579461193965,0.459209675041487,3.58397198793985,0.000977926795194151,0.092961721151156
Gcnt2_B,13,40.91033,Gck_B,11,5.92545,NA,0,NA,-0.901528070249173,0.251978422557872,3.57779869044985,0.000977926795194151,0.092961721151156
Mis18bp1_B,12,65.152669,ET3,0,108,Gck_B,11,5.92545,-0.12598996745167,0.0352680615320027,3.57235305766224,0.00379620379620382,0.198642458458973
Dync2h1_B,9,7.056474,Vsig10_B,5,117.337136,NA,0,NA,-1.13631991072033,0.319577000843315,3.55569990243902,0.000977926795194151,0.092961721151156
Pgd_B,4,149.158381,Prdm11_B,2,93.005659,NA,0,NA,-1.12871058512796,0.317693983746333,3.55282329182914,0.00104777870913664,0.0948588991338369
Cdpf1_B,15,85.809334,Cped1_B,6,22.12116,NA,0,NA,-0.959556790463088,0.270475131057439,3.54767104358779,0.00104777870913664,0.0948588991338369
5530401A14Rik_B,11,81.877628,Cped1_B,6,22.12116,NA,0,NA,-1.01031614980708,0.286204307385033,3.53005221702654,0.00104777870913664,0.0948588991338369
Anp32e_B,3,95.938318,Slc39a10_B,1,46.830795,NA,0,NA,-1.59334995330161,0.452940777452175,3.51778871018043,0.00104777870913664,0.0948588991338369
Vav3_B,3,109.513176,E230016K23Rik_B,11,83.602874,NA,0,NA,-0.862887012081032,0.246535670130831,3.50004935035615,0.00104777870913664,0.0948588991338369
Ppp2r2d_B,7,138.864568,Gck_B,11,5.92545,NA,0,NA,-1.13859065837251,0.326300039828602,3.48939785287978,0.00111763062307912,0.0983721916943533
Maff_B,15,79.353306,Ticam1_B,17,56.273052,NA,0,NA,-1.12786248057455,0.323853689247182,3.4826297121899,0.00111763062307912,0.0983721916943533
Nup85_B,11,115.57421,Mgmt_B,7,137.011399,NA,0,NA,-2.09818978607006,0.60303156511351,3.479402915957,0.00111763062307912,0.0983721916943533
Riok1_B,13,38.049211,Gck_B,11,5.92545,NA,0,NA,-1.27954977368528,0.369233545249802,3.46542124936024,0.0011874825370215,0.101695576548886
Nup85_B,11,115.57421,Slc16a13_B,11,70.218892,NA,0,NA,-0.93724689525489,0.270479030487894,3.46513699625539,0.0011874825370215,0.101695576548886
Lbh_B,17,72.930124,Gck_B,11,5.92545,NA,0,NA,-0.934025502821143,0.270061549329919,3.45856529794287,0.0011874825370215,0.101695576548886
Cdpf1_B,15,85.809334,ET4,0,109,Fam175a_B,5,100.813078,-0.158297939535917,0.0458163260461914,3.45505528698052,0.00239760239760245,0.17622377622378
Gck_B,11,5.92545,Pfkl_B,10,77.998515,NA,0,NA,-0.766626797218701,0.222454566075996,3.44621740403747,0.00125733445096399,0.101743819232257
Cryl1_B,14,57.336758,ET4,0,110,Ttc39b_B,4,83.272278,-0.1195617094159,0.0347432868167067,3.441289537362,0.00244755244755246,0.178059440559441
Anp32e_B,3,95.938318,Rhpn2_B,7,35.36323,NA,0,NA,-1.76860288822988,0.514262364351318,3.43910620498307,0.00125733445096399,0.101743819232257
Vps33a_B,5,123.55089,Insc_B,7,114.797037,NA,0,NA,-1.2522283937026,0.366578519382581,3.41598955610301,0.00125733445096399,0.101743819232257
Mettl16_B,11,74.799678,sexM,0,111,NA,0,NA,-1.04359212590939,0.305891130414118,3.41164558938524,0.00125733445096399,0.101743819232257
Slc39a10_B,1,46.830795,C030037D09Rik_B,11,88.723769,NA,0,NA,-0.829145890774854,0.243098601875452,3.41073903501779,0.00125733445096399,0.101743819232257
Gm609_B,16,45.452368,Insc_B,7,114.797037,NA,0,NA,-0.940433961098688,0.275793604959541,3.40991938967058,0.00132718636490636,0.101743819232257
Ets2_B,16,95.711563,Mgmt_B,7,137.011399,NA,0,NA,-2.15856487209387,0.633144687006629,3.40927582019064,0.00132718636490636,0.101743819232257
Bdnf_B,2,109.700854,C030037D09Rik_B,11,88.723769,NA,0,NA,-1.0943658189709,0.321389784666269,3.40510455273894,0.00132718636490636,0.101743819232257
Anp32e_B,3,95.938318,Taar1_B,10,23.920912,NA,0,NA,-1.07520583472312,0.316072670474575,3.40176780582999,0.00132718636490636,0.101743819232257
Vps13d_B,4,145.083814,Vav3_B,3,109.513176,NA,0,NA,-1.25752893145626,0.370417494849422,3.39489616160667,0.00132718636490636,0.101743819232257
Zfp467_B,6,48.436761,Dync2h1_B,9,7.056474,NA,0,NA,-0.85860295234422,0.253465093811947,3.38746033795581,0.00132718636490636,0.101743819232257
Gck_B,11,5.92545,Elf3_B,1,135.256023,NA,0,NA,-0.859642649427895,0.254325891695554,3.38008310399221,0.00132718636490636,0.101743819232257
Gnpat_B,8,124.876545,Slc39a10_B,1,46.830795,NA,0,NA,-1.54870887420086,0.459012022676474,3.37400503187351,0.00139703827884885,0.105398776815374
Shisa2_B,14,59.62847,Mis18bp1_B,12,65.152669,NA,0,NA,-0.985755618155424,0.292195318905292,3.37361878981686,0.00139703827884885,0.105398776815374
Stx17_B,4,48.155711,Slit2_B,5,48.144718,NA,0,NA,-0.942773081068355,0.279749512839818,3.37006156506938,0.00146689019279134,0.108095024594376
Dync2h1_B,9,7.056474,Sorcs2_B,5,36.20766,NA,0,NA,-0.891026238328793,0.26441410322398,3.36981358961032,0.00146689019279134,0.108095024594376
Anp32e_B,3,95.938318,Rrm2_B,12,24.711194,NA,0,NA,-1.52251217378863,0.453008340161352,3.36089214879873,0.00146689019279134,0.108095024594376
Zscan29_B,2,121.164699,ET4,0,112,Pole_B,5,110.31189,0.159438807432193,0.0474839532526452,3.35774080527533,0.00339660339660341,0.196081651142381
Vps33a_B,5,123.55089,Prdm11_B,2,93.005659,NA,0,NA,-0.98561953086224,0.294656957761647,3.34497287404808,0.0016065940206762,0.11482919368833
Stx17_B,4,48.155711,Slc16a13_B,11,70.218892,NA,0,NA,-1.01344635800132,0.303100531503205,3.34359808930458,0.0016065940206762,0.11482919368833
Sorcs2_B,5,36.20766,Nup85_B,11,115.57421,NA,0,NA,-1.05777774627473,0.316544291659814,3.34164214659574,0.0016065940206762,0.11482919368833
Trim37_B,11,87.17388,Gck_B,11,5.92545,NA,0,NA,-1.14350285445905,0.342270400756286,3.34093410336491,0.0016065940206762,0.11482919368833
Haus4_B,14,54.548073,ET4,0,113,Rrm2_B,12,24.711194,0.145116058771359,0.043691085839433,3.32141112959902,0.00369630369630369,0.198642458458973
Nsd1_B,13,55.264054,Vav3_B,3,109.513176,NA,0,NA,-1.02864958227262,0.310216418318154,3.31590954421262,0.00167644593461858,0.118927575033464
Lrrc34_B,3,30.636068,ET4,0,114,Slc16a13_B,11,70.218892,-0.142100912069133,0.0429005239557336,3.31233511776588,0.0037462537462537,0.198642458458973
Fam13a_B,6,58.97832,Slit2_B,5,48.144718,NA,0,NA,-1.01170877070096,0.306564367442702,3.30015121829203,0.00181614976250344,0.12788384920265
Mgmt_B,7,137.011399,ET4,0,115,Nup85_B,11,115.57421,0.124322029552625,0.0377716272253035,3.29141312369356,0.00404595404595409,0.199969701009565
5530401A14Rik_B,11,81.877628,Vav3_B,3,109.513176,NA,0,NA,-1.18008077441943,0.358789969916421,3.28905731309692,0.00188600167644593,0.131825970119816
Plcxd3_B,15,4.475522,2810021J22Rik_B,11,58.875252,NA,0,NA,-0.910662247351082,0.278076295207275,3.27486471535549,0.00202570550433079,0.136569904426727
Slc16a13_B,11,70.218892,Kcnj3_B,2,55.517058,NA,0,NA,-0.852032634322413,0.260315204458006,3.27308055669051,0.00202570550433079,0.136569904426727
Angpt2_B,8,18.715912,Gck_B,11,5.92545,NA,0,NA,-1.08476537914066,0.33315009684272,3.25608603875861,0.00202570550433079,0.136569904426727
Herc1_B,9,66.429612,Vav3_B,3,109.513176,NA,0,NA,-1.29478166899184,0.397746125322807,3.25529674975717,0.00202570550433079,0.136569904426727
Mettl16_B,11,74.799678,Slit2_B,5,48.144718,NA,0,NA,-0.946078079149125,0.290923969269193,3.25197707677952,0.00202570550433079,0.136569904426727
Gcnt2_B,13,40.91033,Pfkl_B,10,77.998515,NA,0,NA,-0.824145299590617,0.254410900345679,3.23942605631604,0.00216540933221565,0.144960430366493
Vps13d_B,4,145.083814,Mgmt_B,7,137.011399,NA,0,NA,-1.53803232666096,0.477624618189011,3.2201697066886,0.00223526124615814,0.145115269535871
Nsd1_B,13,55.264054,Sorcs2_B,5,36.20766,NA,0,NA,-0.890567531181141,0.277307785687607,3.2114768396167,0.00230511316010062,0.145115269535871
Cdpf1_B,15,85.809334,Vav3_B,3,109.513176,NA,0,NA,-0.932706131531255,0.291244418465308,3.20248585859974,0.00230511316010062,0.145115269535871
Angpt2_B,8,18.715912,Ppp2r2d_B,7,138.864568,NA,0,NA,-0.899760729575212,0.281189274412221,3.19984014844098,0.00230511316010062,0.145115269535871
Elp4_B,2,105.800942,Insc_B,7,114.797037,NA,0,NA,-1.43543386532575,0.448755993129751,3.19869569944822,0.00230511316010062,0.145115269535871
Ticam1_B,17,56.273052,Dnajb1_B,8,83.610038,NA,0,NA,-0.871366031832487,0.272692205414784,3.19541965091037,0.00230511316010062,0.145115269535871
Ralgapb_B,2,158.45455,Slc16a13_B,11,70.218892,NA,0,NA,-1.09751833333369,0.344138380566177,3.18917736385012,0.00230511316010062,0.145115269535871
Pfkl_B,10,77.998515,Gcnt2_B,13,40.91033,NA,0,NA,-1.19654804855103,0.375605688850111,3.18564942989595,0.00230511316010062,0.145115269535871
Gnpat_B,8,124.876545,Serpini1_B,3,75.600521,NA,0,NA,-1.8819614243974,0.590927407465825,3.18475907636124,0.00230511316010062,0.145115269535871
5530401A14Rik_B,11,81.877628,Cdpf1_B,15,85.809334,NA,0,NA,-1.33108799321501,0.418093976351169,3.183705263663,0.002374965074043,0.148529065749031
Ticam1_B,17,56.273052,Uck2_B,1,167.255608,NA,0,NA,-0.893763361475303,0.281468470982273,3.17535871195887,0.00251466890192786,0.149807651680875
Sorcs2_B,5,36.20766,Kctd12b_B,20,153.690772,NA,0,NA,-0.884004924824764,0.27884085639485,3.17028478629035,0.00251466890192786,0.149807651680875
Haus4_B,14,54.548073,Cped1_B,6,22.12116,NA,0,NA,-0.862173874915432,0.272596578018673,3.16281987537046,0.00251466890192786,0.149807651680875
Pi4k2a_B,19,42.106326,Mgmt_B,7,137.011399,NA,0,NA,-1.49077611799547,0.472275103260826,3.15658417668515,0.00251466890192786,0.149807651680875
Herc1_B,9,66.429612,Bdnf_B,2,109.700854,NA,0,NA,-1.24001492828899,0.392888441389096,3.15615018834556,0.00251466890192786,0.149807651680875
Cryl1_B,14,57.336758,Tpi1_B,6,124.812441,NA,0,NA,-0.8941104400117,0.283834310145383,3.15011402093611,0.00258452081587035,0.149807651680875
Dync2h1_B,9,7.056474,Syt16_B,12,74.132838,NA,0,NA,-0.880432847351695,0.279669331770853,3.14812082460682,0.00258452081587035,0.149807651680875
Dync2h1_B,9,7.056474,Kctd12b_B,20,153.690772,NA,0,NA,-1.04278239984802,0.331312113941872,3.14743215224232,0.00258452081587035,0.149807651680875
Nr2c2_B,6,92.132224,2810021J22Rik_B,11,58.875252,NA,0,NA,-1.09714777343052,0.349122909851441,3.1425831490044,0.00258452081587035,0.149807651680875
Fam13a_B,6,58.97832,Prdm11_B,2,93.005659,NA,0,NA,-0.856498369879044,0.272646605515405,3.14142319234065,0.00258452081587035,0.149807651680875
Vangl2_B,1,172.014702,Slit2_B,5,48.144718,NA,0,NA,-0.899675136016289,0.286945016041,3.1353572486784,0.0027940765576977,0.160002962394424
Bdnf_B,2,109.700854,E230016K23Rik_B,11,83.602874,NA,0,NA,-0.822294108349435,0.262402803245368,3.13370931323673,0.0027940765576977,0.160002962394424
Ttc39b_B,4,83.272278,Zfp532_B,18,65.634836,NA,0,NA,-0.989336224812932,0.315858289342555,3.1322154845839,0.00286392847164008,0.162050619353634
Cul4a_B,8,13.12678,Bdnf_B,2,109.700854,NA,0,NA,-1.2310101854256,0.393320916645962,3.12978571270254,0.00286392847164008,0.162050619353634
Gnpat_B,8,124.876545,Ell2_B,13,75.73992,NA,0,NA,-2.30509146868533,0.736906258335297,3.12806607707829,0.00293378038558256,0.162142536891557
Vangl2_B,1,172.014702,Sorcs2_B,5,36.20766,NA,0,NA,-0.954160975611436,0.30530574798248,3.12526371323409,0.00293378038558256,0.162142536891557
Vsig10_B,5,117.337136,Pgd_B,4,149.158381,NA,0,NA,-0.986163210111389,0.315561254723059,3.12510866068415,0.00293378038558256,0.162142536891557
Mettl16_B,11,74.799678,Slc39a10_B,1,46.830795,NA,0,NA,-1.60399916315508,0.513313987232752,3.12479145912651,0.00293378038558256,0.162142536891557
Ell2_B,13,75.73992,E230016K23Rik_B,11,83.602874,NA,0,NA,-0.98335529077956,0.315210782613634,3.11967529354761,0.00300363229952505,0.1640949921798
Dyrk3_B,1,131.133338,Gck_B,11,5.92545,NA,0,NA,-1.28115564861645,0.410896610806215,3.11795136519309,0.00300363229952505,0.1640949921798
Mettl16_B,11,74.799678,Cnn3_B,3,121.442373,NA,0,NA,-1.46201824273451,0.469054087794951,3.11695022125815,0.00307348421346743,0.16506520301255
C030037D09Rik_B,11,88.723769,Mis18bp1_B,12,65.152669,NA,0,NA,-1.1057945839874,0.356348060543466,3.10313063666168,0.00307348421346743,0.16506520301255
Slit2_B,5,48.144718,Vangl2_B,1,172.014702,NA,0,NA,-1.13934599527055,0.367476623087396,3.10045843378609,0.00307348421346743,0.16506520301255
Mettl16_B,11,74.799678,Tpi1_B,6,124.812441,NA,0,NA,-1.68621463290406,0.544064470730285,3.09929194722216,0.00314333612740991,0.166003073484211
Anp32e_B,3,95.938318,Vangl2_B,1,172.014702,NA,0,NA,-1.41409071821197,0.456356042720994,3.09865671939073,0.00321318804135229,0.166003073484211
5530401A14Rik_B,11,81.877628,Os9_B,10,127.10771,NA,0,NA,-1.03179610458538,0.332998957111106,3.09849650442334,0.00321318804135229,0.166003073484211
Inhbb_B,1,119.418856,C030037D09Rik_B,11,88.723769,NA,0,NA,-1.02482524856676,0.330803278963068,3.09798999507854,0.00321318804135229,0.166003073484211
Nr2c2_B,6,92.132224,Sephs1_B,2,4.89606,NA,0,NA,-1.1903094881482,0.384259911263296,3.09766762875401,0.00321318804135229,0.166003073484211
Pole_B,5,110.31189,Mgmt_B,7,137.011399,NA,0,NA,-2.27689602200388,0.735865662629673,3.09417348523536,0.00321318804135229,0.166003073484211
Fam13a_B,6,58.97832,Vps13d_B,4,145.083814,NA,0,NA,-0.848478154427563,0.274227317852023,3.09406867657661,0.00321318804135229,0.166003073484211
Sowahb_B,5,93.043072,C030037D09Rik_B,11,88.723769,NA,0,NA,-1.11713485352054,0.362598483061064,3.0809143052383,0.00342274378317964,0.17546438855326
Dync2h1_B,9,7.056474,Kcnj3_B,2,55.517058,NA,0,NA,-1.14941895513904,0.373673402853318,3.07599884380916,0.0035624476110645,0.17546438855326
Gnpat_B,8,124.876545,Taar1_B,10,23.920912,NA,0,NA,-0.994602071680035,0.32434722631573,3.06647318362408,0.0035624476110645,0.17546438855326
Anp32e_B,3,95.938318,Shisa2_B,14,59.62847,NA,0,NA,-2.05156464995347,0.669151905630228,3.06591766785935,0.0035624476110645,0.17546438855326
Lrrc34_B,3,30.636068,Kctd20_B,17,28.96075,NA,0,NA,-0.907929076150501,0.296725313506078,3.05983020262915,0.0035624476110645,0.17546438855326
Hilpda_B,6,29.273967,sexM,0,116,NA,0,NA,-1.66839790227301,0.54547268515479,3.05862776941721,0.0035624476110645,0.17546438855326
Elp4_B,2,105.800942,Sorcs2_B,5,36.20766,NA,0,NA,-1.18617282694975,0.387960552973352,3.05745730554009,0.0035624476110645,0.17546438855326
Fam13a_B,6,58.97832,2810021J22Rik_B,11,58.875252,NA,0,NA,-1.00555922582622,0.328933308430284,3.05703071125539,0.0035624476110645,0.17546438855326
Pgd_B,4,149.158381,Insc_B,7,114.797037,NA,0,NA,-0.990169059300259,0.324272274800676,3.05351131208765,0.0035624476110645,0.17546438855326
Slc16a13_B,11,70.218892,Gm22993_B,11,74.618386,NA,0,NA,-1.58709183753641,0.520508801611776,3.04911623515667,0.00363229952500699,0.177069945049828
Bmp3_B,5,98.8677,Kcnj3_B,2,55.517058,NA,0,NA,-1.00594817036287,0.330207754963871,3.04640988965548,0.00363229952500699,0.177069945049828
Dync2h1_B,9,7.056474,Ell2_B,13,75.73992,NA,0,NA,-1.36611085234859,0.44928028542654,3.04066502951854,0.00370215143894947,0.178642901414486
Anp32e_B,3,95.938318,Pi4k2a_B,19,42.106326,NA,0,NA,-1.30228931767998,0.428742258062619,3.03746433478404,0.00370215143894947,0.178642901414486
Zbed6_B,1,133.640629,Insc_B,7,114.797037,NA,0,NA,-1.06373924105473,0.350780580462006,3.03249182053836,0.00377200335289185,0.17928331936295
Sowahb_B,5,93.043072,Ets2_B,16,95.711563,NA,0,NA,-1.05075519458461,0.346854020525513,3.02938738606122,0.00377200335289185,0.17928331936295
Lrrc34_B,3,30.636068,Gcnt2_B,13,40.91033,NA,0,NA,-1.07048968037646,0.353468998706278,3.02852494644376,0.00377200335289185,0.17928331936295
Syt16_B,12,74.132838,Slc16a13_B,11,70.218892,NA,0,NA,-0.915085212423288,0.302720293979156,3.02287369107238,0.00391170718077671,0.184271354298268
Anp32e_B,3,95.938318,Tpi1_B,6,124.812441,NA,0,NA,-1.25126431219842,0.414012606473929,3.02228553583238,0.0039815590947192,0.184271354298268
Rhpn2_B,7,35.36323,Pole_B,5,110.31189,NA,0,NA,-0.816890122489882,0.270363209747513,3.02145444734422,0.0039815590947192,0.184271354298268
Trim37_B,11,87.17388,Tpi1_B,6,124.812441,NA,0,NA,-0.906778949261868,0.300485425553464,3.01771357992379,0.00405141100866169,0.184271354298268
Gnpat_B,8,124.876545,Bdnf_B,2,109.700854,NA,0,NA,-2.02578820114146,0.671341508378973,3.01752264064968,0.00405141100866169,0.184271354298268
5530401A14Rik_B,11,81.877628,Serpini1_B,3,75.600521,NA,0,NA,-0.971771789076698,0.322225011434545,3.01581737789494,0.00405141100866169,0.184271354298268
Ralgapb_B,2,158.45455,Gm22993_B,11,74.618386,NA,0,NA,-1.17941119727184,0.391547740933633,3.01217724934275,0.00405141100866169,0.184271354298268
Os9_B,10,127.10771,E230016K23Rik_B,11,83.602874,NA,0,NA,-1.01075744201514,0.335759097691398,3.01036501755239,0.00405141100866169,0.184271354298268
Vps13d_B,4,145.083814,Fam13a_B,6,58.97832,NA,0,NA,-1.20857990332425,0.401970304210817,3.00663977080854,0.00405141100866169,0.184271354298268
Nr2c2_B,6,92.132224,Slc16a13_B,11,70.218892,NA,0,NA,-1.13082721908021,0.376905029319938,3.00029750497253,0.00412126292260406,0.186555834963211
Ticam1_B,17,56.273052,Fosb_B,7,19.306383,NA,0,NA,-0.894374610616813,0.300547108313305,2.97582171272955,0.00419111483654655,0.187045716601932
Pi4k2a_B,19,42.106326,Pgam1_B,19,41.915268,NA,0,NA,-1.06080472695908,0.356488349590641,2.97570657828569,0.00419111483654655,0.187045716601932
Nup85_B,11,115.57421,Vps13d_B,4,145.083814,NA,0,NA,-0.979238989853413,0.329086164793919,2.97563098851826,0.00419111483654655,0.187045716601932
Mettl16_B,11,74.799678,Rhpn2_B,7,35.36323,NA,0,NA,-1.64232599699015,0.554439567207684,2.96213707340797,0.00433081866443141,0.192377393570491
Pgd_B,4,149.158381,Gm22993_B,11,74.618386,NA,0,NA,-1.22596409503997,0.416115484245233,2.94621118765545,0.00461022632020114,0.198087701132421
Dync2h1_B,9,7.056474,Lrrc34_B,3,30.636068,NA,0,NA,-3.06694994659447,1.0411771267664,2.94565628436301,0.00461022632020114,0.198087701132421
Fam175a_B,5,100.813078,Kcnj3_B,2,55.517058,NA,0,NA,-1.30646255959476,0.443766601233491,2.94403083955242,0.00461022632020114,0.198087701132421
Cryl1_B,14,57.336758,Vangl2_B,1,172.014702,NA,0,NA,-1.34462946472019,0.45749871577235,2.93908904738713,0.00468007823414363,0.198087701132421
Anp32e_B,3,95.938318,Sorcs2_B,5,36.20766,NA,0,NA,-1.02438921676609,0.348712591424943,2.93763185487548,0.00468007823414363,0.198087701132421
Cped1_B,6,22.12116,Elf3_B,1,135.256023,NA,0,NA,-0.98466042119736,0.335250687133497,2.93708695906496,0.00468007823414363,0.198087701132421
Fam13a_B,6,58.97832,Zbed6_B,1,133.640629,NA,0,NA,-0.8211661947621,0.279627879224642,2.93663921150869,0.00468007823414363,0.198087701132421
Herc1_B,9,66.429612,Rrm2_B,12,24.711194,NA,0,NA,-1.0462678645637,0.357381397192066,2.9275946447806,0.00468007823414363,0.198087701132421
Atf3_B,1,191.176818,sexM,0,117,NA,0,NA,-1.50454700712393,0.515515809076957,2.91852738680867,0.00481978206202849,0.198087701132421
Mis18bp1_B,12,65.152669,Tnfrsf10b_B,14,69.775938,NA,0,NA,-0.994457507343865,0.340954694273102,2.91668519028312,0.00481978206202849,0.198087701132421
Gm609_B,16,45.452368,Prdm11_B,2,93.005659,NA,0,NA,-0.846519316603772,0.290744651260047,2.91155594070286,0.00481978206202849,0.198087701132421
Prdm11_B,2,93.005659,2810021J22Rik_B,11,58.875252,NA,0,NA,-1.10064487595638,0.37850098729019,2.90790490095217,0.00481978206202849,0.198087701132421
Cul4a_B,8,13.12678,Slc16a13_B,11,70.218892,NA,0,NA,-1.04026309979641,0.358020135908446,2.90559942154323,0.00481978206202849,0.198087701132421
Angpt2_B,8,18.715912,Riok1_B,13,38.049211,NA,0,NA,-1.09447136814498,0.376739271907303,2.90511621632659,0.00481978206202849,0.198087701132421
Dync2h1_B,9,7.056474,5530401A14Rik_B,11,81.877628,NA,0,NA,-0.893691482656958,0.30774579411399,2.90399251508838,0.00481978206202849,0.198087701132421
Insc_B,7,114.797037,Nr2c2_B,6,92.132224,NA,0,NA,-0.952255839687646,0.32800790501112,2.90314905567707,0.00481978206202849,0.198087701132421
Mettl16_B,11,74.799678,Shisa2_B,14,59.62847,NA,0,NA,-2.33137564750462,0.805151136282585,2.89557518141088,0.00495948588991335,0.198087701132421
Ticam1_B,17,56.273052,Gem_B,4,11.709604,NA,0,NA,-0.78889159949488,0.272624452400133,2.89369347668425,0.00495948588991335,0.198087701132421
Sowahb_B,5,93.043072,Mettl16_B,11,74.799678,NA,0,NA,-1.0028436732486,0.34660660652228,2.89331955703544,0.00495948588991335,0.198087701132421
Gnpat_B,8,124.876545,2810021J22Rik_B,11,58.875252,NA,0,NA,-1.39481943771781,0.482581585907277,2.89032876191387,0.00495948588991335,0.198087701132421
Fam13a_B,6,58.97832,Herc1_B,9,66.429612,NA,0,NA,-0.84719569961439,0.293898382403568,2.88261436720349,0.00495948588991335,0.198087701132421
Nr2c2_B,6,92.132224,Thsd7a_B,6,12.53051,NA,0,NA,-0.921423541350964,0.319809180317962,2.88116663954069,0.00495948588991335,0.198087701132421
Pfkl_B,10,77.998515,sexM,0,118,NA,0,NA,-1.56397019455033,0.544691860585272,2.87129349219546,0.00502933780385584,0.198659415808975
Ticam1_B,17,56.273052,Ets2_B,16,95.711563,NA,0,NA,-0.961651432739909,0.334945175861357,2.87107115445652,0.00502933780385584,0.198659415808975
Mettl16_B,11,74.799678,Rrm2_B,12,24.711194,NA,0,NA,-1.95357134486071,0.680942597403028,2.86892221504606,0.00509918971779821,0.198659415808975
Dync2h1_B,9,7.056474,Serpini1_B,3,75.600521,NA,0,NA,-1.11454900500447,0.388523863286476,2.86867580172975,0.00509918971779821,0.198659415808975
Fam13a_B,6,58.97832,Cul4a_B,8,13.12678,NA,0,NA,-1.0012129659583,0.349198209125684,2.86717669161339,0.00509918971779821,0.198659415808975
Gcc1_B,6,28.42224,Gcnt2_B,13,40.91033,NA,0,NA,-1.16575803056497,0.407248088358149,2.86252548235355,0.00509918971779821,0.198659415808975
Nup85_B,11,115.57421,Zbed6_B,1,133.640629,NA,0,NA,-0.868084300175539,0.30328627648198,2.8622604037513,0.0051690416317407,0.199203688181058
Jun_B,4,95.050628,Lrrc34_B,3,30.636068,NA,0,NA,-0.978087981742692,0.342488241360103,2.85582937930502,0.0051690416317407,0.199203688181058
Thsd7a_B,6,12.53051,Mgmt_B,7,137.011399,NA,0,NA,-2.11264107612126,0.740972370864643,2.85117388878618,0.00523889354568319,0.199203688181058
Ttc39b_B,4,83.272278,Kcnj3_B,2,55.517058,NA,0,NA,-1.14443577017856,0.401524538486449,2.85022622650293,0.00523889354568319,0.199203688181058
Mis18bp1_B,12,65.152669,Shisa2_B,14,59.62847,NA,0,NA,-1.01707932953997,0.356998777891874,2.84897146019928,0.00523889354568319,0.199203688181058
Fam13a_B,6,58.97832,Nup85_B,11,115.57421,NA,0,NA,-0.976670718366471,0.343104024702505,2.84657319077884,0.00523889354568319,0.199203688181058
sexM,0,4,Rrm2_B,12,24.711194,NA,0,NA,2.03451707679113,1.50550030243896,1.3513893510982,0.00122720897615713,0.101743819232257
Gcc1_B,6,28.42224,Gnpat_B,8,124.876545,NA,0,NA,1.83400438569076,1.59243105376213,1.15170096774859,0.00245441795231416,0.149807651680875
Insc_B,7,114.797037,Tpi1_B,6,124.812441,NA,0,NA,2.79382006460888,2.42840332509773,1.15047613208833,0.00245441795231416,0.149807651680875
sexM,0,5,Gck_B,11,5.92545,NA,0,NA,1.71110584525385,1.68768166874176,1.01387949928351,0.0047335203366059,0.198087701132421
Gm22993_B,11,74.618386,E230016K23Rik_B,11,83.602874,NA,0,NA,0.91163277379284,0.908337638112331,1.00362765511661,0.00490883590462832,0.198087701132421
